CpfCliente,Nome,Nascimento,Telefone
22587454964,Merlina Burgot,1996-04-08,3312989481
65546813272,Romonda Michieli,1990-03-22,
21086243325,Dru Friday,1992-12-30,
13708283862,Mill Dinse,1998-01-06,
90101225538,Ichabod Hardin,1994-01-23,
57638669656,Osmund Vecard,1994-10-08,
77514402169,Darby Franck,2000-01-29,
59177380523,Brier Lawday,1979-07-11,
77034930187,Tracy Philo,1993-05-01,
95786930750,Genvieve Pridding,2000-07-03,
23754124455,Iosep Gwalter,1984-06-16,
74966568444,Lucias Ollerton,1996-08-11,
35090183924,Henryetta Middlebrook,1993-11-03,6946798406
51042656642,Mathilda Trew,2002-07-13,
63590970843,Joyous Barnardo,1973-08-17,9197810072
46300828632,Blane Pughsley,1998-02-20,
51010722769,Vikky Mogg,1987-02-18,
81835957562,Dalenna Plak,1983-07-20,5682581975
58857313111,Zenia Whitney,1970-12-09,
87329831014,Hana Mossbee,2000-03-02,
13385596903,Vania Angric,1999-02-01,
36466172808,Web Shall,1974-03-10,
53598520903,Bambi Pesak,1995-09-17,
94599924468,Benyamin McKeveney,1988-01-07,9512664925
71184432887,Sauveur Hackin,1976-10-04,8395070938
86713214766,Denny Kirsz,1974-06-23,
75594826455,Pris Moodycliffe,2000-06-22,
45383926546,Sibylle Bitchener,1980-09-05,
88376776478,Cull Mackleden,1986-08-14,9642707610
60858971068,Hillary Gianolini,2001-09-25,
79338914217,Vanny Middleton,1985-01-26,7239840146
11721835502,Maddie Tunstall,2003-11-05,
32977118242,Kilian Ault,1985-01-08,
48636690064,Isabel Kadd,1996-07-10,
45851545022,Rivi Brightie,1976-08-02,1677819501
57388432013,Olivier MacLeod,1971-04-04,7124677030
20039022773,Vernor Stirman,1981-04-20,
62082604936,Heda Blaby,1976-03-12,
95295173501,Zondra Lung,1980-02-05,
94115578926,Barn Goucher,2000-02-28,
49835828573,Mitch Minero,1992-07-21,8041168671
98352842189,Cash Ondrusek,1988-12-08,
44174091193,Sigrid Warren,1984-03-23,
99368021655,Gwenette Gionettitti,1993-12-16,
31119460486,Olvan Theobalds,1986-03-25,
94323372362,Merrill Gonnet,1973-07-16,
66514760211,Bess Hollibone,1983-04-24,
40821555844,Kleon Bonsul,1985-07-21,
95269244325,Tallou Adess,1990-09-16,
90213609748,Bobbe Spyer,1976-06-02,
85427530773,Celka Rumbelow,1974-06-23,
13941620082,Gustave Sollowaye,2003-07-23,
63526974917,Fred Lorraine,1983-04-07,
15898459505,Sebastien Mosedale,2001-01-26,
21396093976,Katy Fontes,1999-09-03,
38536025450,Melicent Pordal,1989-04-01,
68336943941,Max Askwith,1989-02-04,
29168303774,Ingrid Redd,1986-01-01,6144882337
17664903136,Junie Songist,1977-09-12,9437839987
44302512602,Vin Reiglar,1990-03-14,5497233413
64641000941,Jonathan Veal,2001-07-13,
69538900824,Ivett Markwelley,2003-07-06,
49491084892,Averyl Dooley,1993-09-25,3644969207
63641149562,Jaymie Guiness,1996-03-26,4822092715
59209013283,Stu Bennion,1996-01-04,
73286551684,Rutherford Asprey,1975-03-30,
19888908124,Daniele Bayley,1983-12-26,
37946272855,Rudyard Swadon,1983-06-26,4171096587
74327898587,Carleen Brende,1988-11-28,
99227038968,Cahra Danaher,1992-11-14,
20055947059,Charmaine Crix,1999-05-08,
71866705461,Myra Fearnsides,1994-03-19,
52849320951,Deane Puig,2002-01-14,
59239747334,Woody Ibbison,1970-07-11,
51578707413,Horacio Berrane,1997-06-06,
81644589812,Milzie Kinlock,1999-05-01,
57758877789,Jaymee Hebson,1973-05-14,
96147489875,Mikey MacKilroe,1992-03-01,
81977912169,Idette Boliver,1988-07-25,
33244301091,Tomas Digger,1991-08-23,9406769587
75976835420,Lucy Haswall,1994-11-16,
48327046139,Gun Honeyghan,1989-06-16,
42483309564,Daniel Lewens,2003-12-10,7071147271
82214830185,Padraig Doree,2002-08-12,2479770240
58878096967,Bertram Loveguard,2000-07-20,
94553631482,Drona Meardon,1979-11-20,
26772815749,Yvor Fallon,1998-10-24,
37610529560,Had Nono,1970-07-28,
29205503356,Eleanore Ayre,1984-06-23,6348113291
79419667951,Nikaniki Wreford,2001-06-26,
66823059783,Yettie Bispham,1991-08-30,
16165667712,Ivy Balducci,1976-08-06,
96065292770,Jakob Briskey,2000-05-06,
17485057102,Pacorro Upward,1988-02-20,
48797359094,Tybalt Carlens,1988-11-28,
49527948445,Kean Blakes,1976-04-08,1365720515
84023556305,Natale Somerled,1978-10-17,
14885576287,Jory Coey,1992-01-01,
89491305394,Theodora Brekonridge,1988-04-03,
20134182107,Mariejeanne Broadberrie,1975-11-26,
83975626615,Tabby Jaszczak,1991-06-24,
53806388090,Mordecai MacFarlane,1982-06-27,2732456754
99997862628,Jerri Cavozzi,1997-02-20,
50264652653,Buiron Creber,1999-06-16,
55060175195,Jennine Shortin,1985-04-20,
82007756178,Doralia Bittleson,1981-02-20,
13198372043,Wyn Shevlin,1977-10-31,
58960574345,Mart Harrie,2002-03-14,
57994165106,Sheeree Bernette,1984-12-21,
57623020127,Gerick Gontier,2001-02-05,
54896786101,Peri Le Fevre,1995-09-26,
37505425478,Clo Hurley,1979-06-24,8042995081
37004126581,Elke Wyburn,1999-08-21,
75213817597,Byrom Renouf,1990-12-03,
51058287954,Alta Pley,1992-10-09,
12477024786,Noellyn Lante,2000-05-21,
71211276060,Darrelle Izakson,2001-04-10,8897023762
97832063109,Paola Van den Broek,1986-07-16,
89934468728,Dell Mapledorum,1991-05-07,
22780708208,Marlyn Antoniazzi,1975-02-01,
73940692572,Winthrop Guess,1985-07-17,
77295478510,Georg Acreman,1991-11-20,
42697757043,Mariya Showte,2003-01-02,9065034490
11127991507,Rey Bidgood,1972-01-09,
23087756882,Uriel Ibbetson,1985-10-09,6843827390
44377044767,Luigi Swanborrow,2001-06-03,
47821352760,Culver Beecroft,1972-12-12,
65092337634,Bellanca O'Flannery,1984-02-02,8399213908
49352628468,Abagael Flatte,1980-01-14,
20753779079,Storm Fransson,1973-04-20,
43908376092,Dedra Coward,1987-08-31,4412143523
14364261353,Panchito Pawels,1988-08-28,
59901484544,Forrest Layman,2001-06-05,
25345742728,Sawyer Ewenson,1972-08-17,
40965513733,Zelig O' Meara,1991-05-18,
55576947659,Rebecka Cabane,1988-07-01,5575357981
14439320357,Micky Clemenceau,2001-11-19,
50487328212,Panchito Reboulet,1974-05-16,
76557980417,Clem Craghead,1970-04-15,2047079175
59478354304,Mariele Treske,1972-09-08,3799505334
87126675080,Truman Tumbelty,1975-10-02,
12387253019,Corrinne Dunsmuir,1993-12-17,
20063602843,Mair Pedrazzi,1992-12-29,
46873954582,Livy Southorn,1981-02-22,
62478006822,Tabby Linzey,2002-03-23,
67816261772,Jaclyn Yakovlev,1983-09-29,
60647541266,Candra Folger,1993-04-09,
90481190252,Koo Seniour,2002-12-06,
19220450037,Denney Maryon,1984-02-25,
29729106956,Rolfe Yearn,1995-07-28,
47050605239,Garrett Hurlston,1982-07-05,
82215112248,Johannah Kubyszek,1983-09-12,3384301431
93240026282,Daniele Rohlfs,1975-04-01,
95066789886,Abbi Vass,1999-02-28,5177023746
20470672784,Ulrick McGrey,1983-02-27,
30251304184,Haskel Naismith,1997-10-06,
32970436943,Langston Wenderott,2002-10-14,1778401216
92919645699,Kimmy Artin,2002-10-12,
84708479705,Pauly Eastment,1991-11-04,
90396516520,Isidora Main,1996-08-12,
36562074753,Leontine Cuerdale,1971-11-27,
82379869501,Gabriel Ishchenko,1988-02-10,1699163330
76054315044,Esther Bearman,1998-10-12,1796940280
93450274756,Maritsa Batisse,1982-02-22,6993151485
47647590752,Erasmus Balharrie,1996-03-21,
62116290930,Tabitha Suche,1999-08-22,
60606986698,Jorrie Pinfold,1988-04-05,
71249398886,Erroll Ardy,1984-01-28,
28902518434,Adel Leathard,2000-01-31,
11555550525,Ebony Corsham,1978-07-26,4576044248
96172212971,Magdalen Lammerich,1994-06-24,
86713898628,Janina Simcoe,1977-03-11,
37226287874,Cookie Stove,1975-04-12,
16624509993,Kellia Gorton,1972-04-18,
37895740491,Ralina MacCallum,1988-01-07,
62002514582,Gal Neill,2001-03-08,
27023561822,Caprice Tolmie,1986-07-09,
47557168032,Lucius Ferby,2001-03-22,
18210240084,Juan Suff,1981-07-30,
66475120804,Alard Ledwidge,1985-02-04,
91105440715,Killian Videan,1990-12-09,1625908440
51848459580,Chrystel Bielfeldt,1970-09-13,
59049227757,Elinore Lamplugh,1984-04-17,
92350296003,Patrice Heers,1987-07-20,
90053255648,Kettie Liddle,1992-06-12,
81109057854,Jeanie Hotchkin,1996-08-27,
60534019226,Newton Walsham,1975-05-03,
13643563156,Rebekah Ord,1995-04-16,
16021414011,Ruperto Glossop,1979-08-17,
43877782676,Ferdinand Wannop,1975-10-09,8034935648
98891949046,Carny Irnis,1984-03-12,
87071755586,Marla Love,1993-06-07,
91547402552,Dante Thackham,1991-09-26,
40939795630,Andrew Froome,1987-03-19,
61110828305,Nicoli Pestor,2003-10-25,8304450644
92305357049,Marcelline FitzGibbon,2003-08-22,
11163200538,Berte Richichi,1971-03-29,8085551683
36870036491,Lanny Birds,1973-02-08,
55330157102,Byrann Knott,1979-09-18,
59103751779,Lothario Jellings,1996-02-21,
84319802668,Elayne O'Fallowne,1990-04-03,
95887517237,Sigfried Brockbank,1971-07-01,
22281274322,Taite Gantzman,1975-10-09,
56917935611,Locke Yearby,1994-01-30,
45893996348,Cherri Threadkell,1978-12-21,
70087136702,Carmelle Cardall,1979-01-05,
61494478435,Tildie MacAlaster,1996-07-20,
94622609944,Elfie Ronci,1991-10-15,
29222155630,Arlie Van Daalen,1981-01-06,
91193378402,Colette Breston,1992-12-02,8138759661
17906548399,Margy Fairbard,1984-11-21,
58881492413,Jordana Feaks,2003-08-25,
83144761025,Aleen Goodison,1978-08-18,
56332287718,Constancy Gatherer,1988-08-30,
18014753412,Bryna Vinson,1972-07-24,
28259725593,Dionysus McClintock,2002-07-26,
51514257816,Elinor Furniss,1978-02-13,
44882298621,Ephraim Prop,1970-03-01,8825991582
89010868551,Trish Nickoles,1992-09-27,
47663112634,Matti Nehl,1971-03-08,8104509035
49620426203,Jody Martini,1983-07-19,
77376446594,Chelsae Leaning,1998-09-01,
60235693761,Torr Stollwerk,1996-11-20,
87554992569,Theda McDunlevy,1982-04-03,
86989278693,Humberto Rubinsztein,1995-06-09,
42552633306,Alia Greger,1991-10-19,3196396335
69231506925,Marlene Bezant,1988-05-26,
19986422206,Tam Swainson,1986-03-29,
14817902282,Tiebout Liell,1998-10-10,
77741481029,Huntlee Giuron,1981-07-16,1327008023
20305188168,Dorise Freathy,1982-10-28,
42535905824,Mame Glison,1989-03-26,6703849644
54452029240,Dionysus Darben,1972-03-23,
76156593675,Adda Brommage,1970-11-03,1918079272
13774681086,Nessi Worvill,1971-12-23,
66046711568,Augustine Dewis,1999-01-15,
15075419255,Amelina Bennough,1980-05-08,
51697781934,Nanon Putman,1976-04-04,
39013480465,Jill Stiegars,1988-07-23,
93168547798,Kingsley Boydon,1980-04-25,
50664593348,Brianne Gretham,1991-03-04,1326445632
43067546963,Brunhilde Pinchen,1976-01-05,2666562534
87652475241,Melitta Adamoli,1972-05-21,
41043660313,Morley Yare,2001-01-15,5844295768
28952667763,Bendick Sidnall,1989-07-17,
24808379580,Melisenda Juarez,1989-06-21,
79639393186,Biddie Latham,2003-09-07,
47776951420,Maris Skace,1990-09-13,
34631039430,Willy Yelland,2002-06-27,
44366451673,Billi Luebbert,2003-08-17,3767741469
54565635238,Teriann Gantz,1972-12-04,
63123454459,Gael Latchmore,1996-05-28,
40713359272,Bernie Dumberrill,1989-08-28,8891568006
65321670684,Tim Haston,1997-05-05,
37403339090,Kati Bohje,1990-04-05,8965807635
67412740440,Felita Rosier,2003-07-26,
33739835064,Albie Thursfield,1982-08-29,
35125470918,Silvie Thunnercliffe,1978-06-03,
71664384690,Zebedee Gras,1971-01-28,
98986255350,Ilsa Lantry,1983-12-29,
59001083131,Randolph Witcherley,1999-11-18,8365563318
23946786656,Whitney Oehm,1980-04-12,
70506587407,Jephthah Autie,1986-02-17,
12237105206,Ephrayim Dainton,2002-08-06,
53536108470,Ashby Syddie,1994-06-15,
30638877681,Jarrett Munden,1991-07-19,
85524596169,Reine Jannaway,2001-06-02,
25198876649,Dannel Klimentyonok,1990-11-23,
61626213786,Tiphanie Garfath,1990-05-27,
19850282172,Ilysa Lilion,1978-12-24,
42023977847,Nicoli Cawt,2001-03-22,
13445447826,Cristiano Cavee,1984-05-14,
93676296499,Lilah Connow,1986-03-29,
12517234814,Bailey Prayer,2001-11-02,
93384797246,Kayley Marjoram,1993-11-19,
60437089827,Gasparo Thomas,1971-05-07,
41082186730,Estrellita Rubberts,1999-12-02,
78048289497,Derril Given,1979-02-18,
44566558830,Minny Shefton,1978-02-15,
35564129099,Rickie Thain,1971-05-22,
16369519729,Minnaminnie Boole,1996-04-11,
11758301857,Emmy Lanfear,1990-03-04,
58099880073,Marris Issac,1984-11-21,
93878847752,Anthony Filippo,1977-03-21,
27980089697,Gardie Moisey,1973-02-18,
31763774881,Ruperta Briscam,1987-09-21,
91867035476,Donia Convery,1996-10-28,
89880002801,Nesta Trenam,1995-03-05,
13691527475,Bab Kirimaa,2001-12-15,
52340765600,Doro Henrichs,2003-07-29,
40425615061,Sharleen Grishinov,1991-08-06,
79647778302,Josey Struttman,1998-05-24,2094294766
25626465397,Phineas Jouannisson,1983-06-24,2436220746
73869327312,Denni Haws,1972-09-09,
84482405661,Jilli Deverill,1997-08-25,
39142250793,Aaron Vondrys,1973-07-15,
92725000862,Britteny Haxley,1992-10-30,
89297280910,Xenos Bessom,1999-08-20,
84539504027,Colet Babar,1972-04-19,
44675399993,Reba Souten,1981-12-30,
45374981050,Tobias Bowne,1987-01-25,
90799015611,Jervis Steade,1983-07-29,
90388724757,Albertina Pettingall,1975-10-24,
16981958268,Banky Talbot,1991-01-09,
48470310616,Rasia Binder,1993-12-06,
84145924992,Wendall Rozanski,1989-09-10,2036871308
53218704524,Brandyn Ramsdell,1982-08-08,7827791741
60360932377,Eimile Boxill,1980-04-14,
50137105852,Lisabeth Harmond,2000-01-24,
92948694454,Kelwin Boules,1983-06-14,9365843131
45976289332,Korney Perrett,1982-02-21,
51924326676,Rheta Avory,1972-09-18,
52085872871,Trixie Poulson,1976-05-22,
85657610843,Matelda Winridge,1998-06-24,
91134810444,Kalila Budding,1991-08-17,
33494370493,Phelia Blake,1975-11-13,4458547691
53424056559,Ripley Tompkins,1988-03-17,
74239461312,Orazio Twiggins,1995-05-01,
76304981895,Maudie Rays,1983-08-21,
75721651381,Josias Nutbeam,1983-09-16,8678484024
18863527439,Kath Catterell,2003-11-16,
88787354807,Terencio Vasyuchov,1999-10-23,
81655216151,Lynnell Shortt,1975-10-01,
74004766798,Aleta Gritsunov,1976-03-19,
14422052449,Lynda Oldroyde,1970-04-16,
79346537273,Tabby Serrurier,1997-12-09,
85631422117,Aubrie Barg,1986-03-29,
47149049956,Waldon Van Bruggen,1981-06-01,9856291060
24436872676,Eward McCorkindale,1993-04-19,
11507089297,Abie Jarad,2001-07-31,
70220337024,Issi Aldersea,1988-08-09,
87594389319,Christoper Blaxter,1993-02-10,
92164831706,Ezekiel Cumes,1996-11-22,
38059421588,Siegfried Draper,1989-04-14,
31436785446,Auberta Yeeles,2003-03-28,
96920130897,Paolina Anwell,1976-10-16,8832684648
44242710561,Helyn Willimot,2002-08-17,
96771854144,Chadd Server,1974-10-25,
99535166353,Hillery Maceur,1975-06-25,
54960274520,Andromache Dudenie,1986-02-19,
36165303217,Valenka Gatchell,1983-02-24,9714520041
76298202662,Ketty Ingamells,1981-10-28,
17315125963,Abbot Lathleiff,1971-09-13,
92851529899,Bobby Stringer,1986-05-09,3232843499
43192279626,Bren Deelay,1977-08-04,
43441051307,Grange Milkins,1988-07-07,
95198035032,Bing Pinnijar,2000-08-30,7464051234
88526918038,Margit Gibberd,1976-11-10,7136458333
70664926661,Ursuline Mooreed,1990-10-14,
81592216536,Frederich Rousell,1990-11-07,
82668854634,Thia Meekins,2002-12-23,
70943418721,Kelley Willetts,1989-11-30,
20907401136,Cecilia Strewther,1983-02-25,
98846006675,Axe Dearle-Palser,1982-01-25,
46374864489,Blake Willarton,2001-02-13,5228719092
94066304044,Mendy Bains,1973-10-30,1629698169
66023005811,Gregor Branford,1998-03-18,7995104510
96581132824,Nappie Ovendale,1981-11-26,
12586200986,Trude Goude,1973-02-20,9745692742
61830391146,Kizzie Corck,1987-12-16,
14553095136,Gavrielle Paige,1986-03-26,
71381569954,Rolland Bengall,1979-04-01,
24430018697,Audrye Trask,1996-10-18,4076084114
51843486729,Fabien Dowey,2003-06-30,9485770253
65200234621,Yehudit Scourgie,1984-10-13,
51230523521,Harli Cadd,1986-02-10,
20829252741,Shandie Tokell,2003-04-07,
96237347141,Ban Trippett,2001-08-12,1564811892
46636336056,Nickey Kennsley,1996-10-18,
94985900088,Annetta Grunnell,1988-05-20,
75923719808,Efrem Borell,1970-05-06,6411005216
31593937518,Malinde Licciardello,1970-02-19,
54345520587,Marissa Harpin,1990-09-15,
78200658120,Nicol Wagon,1983-10-28,
48019546807,Franzen Pele,1974-07-19,
50992484769,Jennee Findlow,1983-01-27,
56822921536,Barbabas Ilden,1999-01-05,
25190681779,Cathleen Barnwille,1995-01-19,
69692705592,Tiffany Blazewicz,1996-10-13,
11609535837,Tessi Dolder,1993-11-25,
14980401905,Hortense Linkie,2002-06-14,2882923431
68548755886,Sabra Walkey,1993-03-13,
42203902650,Flori Kaubisch,1974-10-10,
15197193142,Angeline Engall,1992-05-05,
85590280858,Chucho Philbin,1972-05-18,
63785657169,Reade Markushkin,1988-03-12,
50095980600,Claudell Foxcroft,1998-09-05,7391442443
84117468825,Maybelle Whordley,2001-01-01,
51278853148,Harwilll Ralestone,1987-07-18,
11395094939,Grace De Bruijne,1998-12-03,
48072354275,Bent McFie,1979-09-18,
13706479262,Tamiko Cribbin,2001-12-03,4552940874
12313531495,Friedrich Barbary,1992-03-18,
67565250704,Deerdre Alfwy,1977-07-11,
18196229176,Jeniece Broek,1986-05-01,3577480912
17793816461,Anni Lemmertz,1998-11-17,2661212325
78326732469,Diann Aery,1997-01-10,
18770819705,Nicoline Jenno,1981-02-16,
34318136316,Libbey Dimbylow,1990-08-30,
47664520442,Torey Rape,1976-10-19,
63543828583,Willem Conboy,1971-07-26,
13756277612,Rudolf Kench,1988-02-20,
63284821579,Erik Anthonsen,1995-02-24,6041980918
36973033681,Corrie Bellson,1998-02-09,
35665591054,Alister Kitson,1981-04-04,
79645425074,Sherm Fairburne,1987-08-21,
28472699742,Cathie Jindrich,1981-05-16,
98563059814,Farrel Bedome,1973-09-25,
21053580073,Collin Pocke,2003-04-25,5644761048
12557523356,Bethany Carbonell,2001-09-11,
15640216770,Rae Mattsson,1983-01-22,
80098447039,Augusto Pinchbeck,1994-07-21,
34191662850,Lin Verey,1993-05-03,
13796516623,Guillema Fendlen,1986-06-25,
48978353773,Valdemar Hunter,1973-09-12,
29035619245,Biddy Chafer,1983-06-08,
82508980225,Merola Launder,1970-06-17,
47438037748,Car Buddle,1989-08-04,
33072909691,Mirilla Brome,1978-03-15,
44260047391,Fenelia Denyer,1981-03-05,
78792517658,Fayth Proudler,1976-04-03,
14384826922,Carley Gladwin,1992-03-23,
68335658039,Regine Bilverstone,1991-01-24,
17925834236,Dorelle Palumbo,1994-06-06,
79516089373,Ainslie Knoble,1981-10-09,
93173938184,Lowe Cartmell,1978-12-08,
82301148599,Kerk Cayzer,1994-02-23,5715066971
55325980049,Germaine Tchir,1975-01-07,
66240163243,Gus Lodge,1992-06-04,
25140521272,Germana Heavy,1988-12-21,
29072191225,Kirbie Ambroisin,1973-06-12,9566761494
21682825140,Ethelda Easton,1984-09-23,
29919963711,Corey Tarborn,1992-02-14,
91647614301,Margalo Iiannoni,2000-12-02,
47904215299,Melania Riddles,1984-08-06,
18688848419,Emelita Teers,1978-09-13,
13820502302,Clem Halliwell,1983-07-10,
45099111731,Kelwin Limon,1977-06-17,
14506671636,Abigail Swinney,1981-09-01,
19082695612,Oswell Bean,1989-11-24,
42523247676,Winni Budleigh,1999-07-11,
68081366168,Gale Earie,1975-09-24,
12751505886,Kristen Semorad,1999-08-03,2848548273
18662902003,Lolly Cerie,1995-03-17,
47706937787,Angel Escreet,1979-08-06,
81177334917,Barbabas Milella,2003-03-19,
68640600713,Arlen Gruszka,1976-11-17,
56999905110,Davina Barlie,1997-11-16,2686719420
69143123961,Svend Amar,1981-11-14,2674512019
50223672316,Fred Welford,1983-12-25,
65808540695,Reg Marchment,2001-10-28,3287702955
64469516898,Dunn Father,1975-04-19,
31000794641,Idalina Guilliland,1983-09-06,
76844338270,Lorry Errol,1977-08-24,9012813942
88147028627,Izak Churms,1991-02-11,
56033528822,Paquito Edgeller,1988-07-20,2777257313
21005948770,Rosette Danilevich,1995-05-11,
71312381462,Leonore Murtimer,1993-07-24,
40059939406,Dun Pellew,1974-01-19,9173753420
86314736809,Merla Waghorne,1994-02-11,
13563602623,Clayton Linsay,1976-12-05,
47211178260,Delano Buckthorpe,1994-12-12,
87145115324,Lynda Style,1993-03-15,
39711440380,Marguerite Wickwarth,1999-03-15,7022161039
18134035107,Beryle Orys,2003-05-06,
32234041844,Shermy Rennles,1971-10-17,
21987581911,Aggie Iliffe,2000-04-18,
57883764812,Skylar Bum,1975-05-15,
36355070618,Weber Birbeck,2001-04-28,
31959285885,Erin Holdin,1994-06-07,
66780717982,Karon Helling,1987-01-14,
56052388880,Dallon Yakubowicz,1988-10-16,4368711824
91367271504,Theodor Shilling,1998-02-18,
28574566579,Ardys Ferne,2001-01-06,2363241285
64212322579,Adham Jerrams,1979-02-12,
44258058100,Irvine De Ath,2001-04-27,
46740345558,Yorker August,1970-01-19,4804203324
44380957048,Sean Wikey,1997-05-04,
49983679161,Myrtie Olyunin,1999-08-13,
41220183282,Jazmin Staneland,1985-04-20,
30446004061,Rubi Lemery,1984-05-31,
97516984132,Burnard Demko,1991-10-06,
29833434427,Fiann Shiliton,1986-04-25,
43492575340,Raf Rockall,1998-12-20,
37757506156,Thane Larcier,1986-07-30,
46813988554,Alastair Gullifant,1974-05-18,
98854775339,Baily Colling,1973-11-16,
17835008700,Reed D'Orsay,1996-07-27,
39749580948,Tobin L'Hommee,1981-02-05,
95201438790,Eolande Gatchell,1993-12-25,
36137994585,Elladine Greener,2002-03-19,
27838030433,Ronald Glusby,1977-04-08,
55582757025,Lulu Hiddsley,1987-07-26,
50426718145,Reilly Mathison,1989-06-28,
96709000669,Cad Rielly,1982-07-19,
68924819305,Allie Le Barre,1975-09-18,
79814462773,Carter Charrett,1987-01-22,
40757040015,Isador Gomery,1995-08-22,2233080699
84159526731,Valery Hastwell,1981-02-18,4214094122
19524538387,Ainslie Dane,1987-05-12,
43692098165,Ainslie Blodget,1996-06-18,7394735607
48477171060,Nannette Aitkenhead,2003-03-21,
62624087649,Magdalen Grinikhin,1996-10-29,3348940846
76295050804,Camel Lindenman,1994-06-11,
99959338186,Andee Ridsdell,1972-07-23,
75765663185,Stillman Lyffe,1997-02-06,
65294711385,Adele Beachem,1982-02-10,
14780680222,Nariko Adan,1991-07-20,
28121092584,Holly-anne Dradey,1987-10-10,
23437171085,Eldridge Ubank,1985-08-21,
16147119620,Terrance Gibbett,1997-02-18,
41812961046,Colette Rootes,1994-04-29,
13319150719,Susette Bowley,1985-02-27,7681712441
87877929072,Town Cardenosa,1979-10-13,
29707950178,Umberto Forre,1984-11-11,
64004027567,Dael Borzone,2003-04-10,
43544214176,Christoffer Crowson,1999-03-31,
49500986473,Etan Seif,1983-02-17,3533573472
56928588965,Vicki Perone,1992-07-22,8461004949
90130154911,Brittney Pitfield,1978-08-07,
70206598984,Cazzie Cammacke,1992-04-09,
53221298977,Ham Beer,1996-01-18,1361336887
64098423551,Eugine Krzyzowski,1982-01-31,
11782485525,Amy Rearden,1987-08-06,
64666391219,Latashia Kedge,2001-03-26,
33573745306,Brittan Hullett,1995-02-04,8682681527
25645364434,Olympia Beeck,1986-03-05,3373269350
85609427518,Henrieta Eltringham,1995-12-07,8563443437
78528426058,Boony McLaggan,1996-08-04,
70012107816,Fred Rainon,1980-03-23,
33785445936,Rockie Twinterman,1980-04-15,
83616046768,Myrtia Delve,1979-10-07,
13243482598,Lyn Hawket,1989-01-31,2876501082
81517628115,Gilly Tarbin,1986-01-11,
57455841145,Camey Whetnell,1978-07-31,
55168062859,Bernadine Meadway,1974-06-28,
22990275499,Valera Hackleton,1982-06-26,1087860600
54922531798,Lotta Caudell,1970-07-10,
38533787920,Dav Goldney,1976-11-07,
83414091701,Kylie Heibl,1979-10-04,
50727932779,Beltran Galton,1974-04-15,
65596386219,Denver Hammersley,1994-07-31,
89983755532,Jenine Ewles,1975-10-23,
80059574727,My Arnli,1981-10-25,
43168536478,Mauricio Mullin,1986-08-22,
70763108889,Celesta Pope,1978-11-07,
29733790666,Gunar Wrought,1976-01-22,
40672364052,Carina Compson,1976-12-07,
48491117030,Ignazio Aked,1977-01-31,
12712576328,Nike Pace,1980-06-21,
28072809961,Clari Hebner,1980-11-07,
52820115082,Phoebe Ocheltree,1995-10-28,4322342096
94532127392,Doria Neenan,1979-04-23,
99784922370,Marji Bonallack,2000-05-28,
82948830569,Katey Taile,1970-09-30,
36519927669,Shelby Dewitt,1986-01-03,
74951523404,Dredi Leman,2001-07-29,
92740915266,Granthem Estick,1994-07-27,
39372865696,Trumann Cardinal,1974-04-23,
91951371031,Hertha Kilfether,1976-11-02,2679355213
39441586395,Gaston Watkiss,1978-09-26,
84536521513,Pru Raison,1971-05-20,
69959114088,Kean Skipton,1985-06-30,
36284089226,Tomas Bows,1975-01-02,9546995155
23264990823,Lorelei Stodart,1987-08-11,
42546021511,De witt Le Friec,1995-01-25,
25355522554,Kassi Nurse,2001-02-01,
99374342201,Christa Condie,1986-12-18,
87877865740,Barbra Eldridge,1991-09-25,
13815069720,Magdalene Joska,1979-02-13,
77097707643,Christal Crumpe,1998-08-17,
38914177495,Susanetta Najafian,1992-01-27,
62091656025,Theresina Robroe,1989-12-24,
63836058492,Devora Barca,1970-08-21,
43721384519,Rochell Rainbow,2001-01-07,
52391686601,Zebedee de Zamora,1978-06-24,
53508168987,Piggy Millican,1981-06-25,
61483423787,Cecilio Macauley,1984-07-01,2032388802
36069898636,Cherish Pallaske,1998-09-28,
92274389085,Calypso Pickburn,1988-02-10,
86469995682,Gib Spawton,1988-03-23,
87971750534,Ricky Geffcock,1992-11-24,9548077634
19119646130,Norbie Yukhnevich,1990-11-21,4441206916
88613531065,Vittoria Resun,1976-11-24,3635082236
78732722446,Jarib Brocklehurst,1994-05-19,
87509943943,Jeremiah Garrattley,1981-11-27,
41247875433,Portia Leverentz,1996-06-10,
69065664473,Dasha Breede,1996-05-06,
48303808318,Kaitlyn Perfili,1987-03-11,
95630996073,Jolynn Dowry,1971-07-15,
64253394543,Janifer Clewlow,1994-05-19,
74680164275,Ario Lymbourne,1991-05-23,
44357139312,Rawley Cuddon,1981-07-27,
50025901264,Doll Hens,1981-03-16,
92402916988,Oran Limbrick,1976-01-26,7519147793
47409188371,Sherrie Burn,1999-04-07,9689004570
38442241874,Rafaelia Prew,1992-10-06,
16207037299,Sayre Harkins,1983-07-16,
47168338364,Barrie Kinsley,1974-07-10,6325441690
75764764907,Nowell Stitcher,1970-07-16,
90152423025,Ahmad Suddards,1975-12-06,
44604741948,Hetty Fulloway,1985-07-12,
79900917789,Hillery Fayne,1989-06-23,
17807182582,Fanchette Popplestone,1981-07-01,4191669475
31342215980,Brandy Vayne,1974-01-04,
60827069777,Frederique Lax,1992-04-09,
79525485628,Nani Windridge,1984-03-08,
95223585138,Orv Kinnerk,1992-02-04,
88414683639,Luciana Millsap,1986-08-24,
21003489704,Hildy Rawlyns,1999-12-06,
93501292392,Guthrey Boulstridge,1990-06-25,
18917598981,Aura Basile,1977-03-01,
97002873490,Alard Brundle,1972-03-27,6719410373
45714777028,Teirtza Marling,1976-10-20,
45707222215,Farlay Iacobini,1987-11-16,9443672541
46332156589,Angel Kemble,2003-02-18,3766776272
59348733905,Ravid Tibbles,1977-03-05,
58353264998,Susannah Walton,1986-02-07,
72874806791,Lucretia Edmunds,1972-05-31,9658245353
77144885269,Joanna Revely,1986-01-11,
36081707324,Aleen Zukierman,2001-10-25,
27060099766,Jo-anne Coulling,1989-03-12,
13401380449,Moina Yerlett,1997-04-24,
91932369065,Phillipe Cunnington,1983-10-16,
14205704827,Ellsworth Anster,1991-07-25,
38135856006,Gran Pemberton,1972-07-05,
62426328107,Maddie Machon,1999-08-16,
55767318628,Edna Dunbobbin,2003-04-25,
83398887689,Mar Dreinan,1981-04-13,
94148921708,Mack Merrikin,1993-08-29,
83351731480,Arliene Stairs,2003-02-09,
16357875838,Mommy Ciric,1990-03-31,
13373618994,Alli Minocchi,1985-05-12,
21907316566,Collie Sowerby,1970-10-26,
21220035393,Creighton Moiser,1997-11-24,3082505592
54676215710,Nick Collings,1990-10-29,
79205742313,Crystal Stourton,1980-11-28,9233694742
74510485117,Asa Muzzollo,1972-12-08,6331473403
89406249708,Maggi Kleinzweig,1979-09-17,
13167241703,Horst Dranfield,1992-08-08,
71781257263,Allan Upham,1993-06-14,
65396329848,Janel Huikerby,1998-11-20,
23003217673,Kyle Spilsbury,2002-04-10,
58680766292,Melisenda D'Oyly,2002-10-29,
66361359322,Aline Ogilvie,1995-12-17,
34640242680,Orbadiah Smorthit,1993-11-18,
65581680564,Beilul Krammer,1990-04-11,
61407648514,Lucho Firbanks,1984-04-03,
90568604434,Otha Clowsley,2002-04-25,
35041021280,Adriaens Braams,1978-12-21,
91182179469,Koo Duggon,1992-02-26,
90451670599,Tallie Dowden,1970-04-04,
23495839301,Darla Bris,1978-01-27,
62303153765,Noach Thrift,1993-07-11,
38508076555,Ursula Stait,1979-07-28,
15263607047,Ibby Prophet,1994-01-11,5092050500
21936945309,Goran Kelson,1972-05-04,
52425773616,Arri Gaythor,1998-03-24,
80182388351,Eran Esmead,1987-11-19,
48483576815,Vivianne Kenefick,1976-03-05,
98999340122,Brady Cheese,1984-07-05,
73987391294,Gilbertina Leverett,1998-09-10,6337342262
29543223280,Boot Sharrock,1997-10-23,
46120649768,Lucio Brucker,1984-04-28,
27564541027,Ted Macconachy,1975-02-21,
91234817948,Dodi Gronw,1979-10-11,
71476136270,Genovera Doohey,2001-09-20,
75082521848,Glenda Vickars,1973-04-05,
69725375977,Virgie Ghilardini,2000-03-02,
29007878592,Tull Lotze,1979-08-11,
51740445564,Horten Condon,1986-05-22,
92510787376,Wilhelmine Petters,1976-05-17,
20274641284,Audy Cripin,1993-10-31,4105936228
97492416496,Desdemona De Bruijn,1994-07-31,
83127101856,Enrika Izachik,1971-12-04,1192547863
47539233328,Guillema Kerne,1986-05-10,
81950476222,Janet Ewestace,1979-06-29,
20213452435,Lynne Safhill,1987-10-15,
55370141218,Augustin Antunes,1971-06-11,
69019300984,Chrissy Duesberry,1988-01-10,
83830593649,Wynnie McElmurray,1996-07-25,
43452047364,Dominic Allberry,1985-07-26,
26939269398,Heidie Fideler,1997-12-10,
67872435553,Trueman Batchley,1990-09-07,8145921696
35581183613,Cliff Ciccoloi,2003-04-16,
74909788847,Teodoro Jannasch,1976-08-27,
84977186695,Rudd Pettis,1975-10-02,5379573857
69561288794,Sherwood Crevy,1990-09-14,8671781028
38675150761,Elena Streight,1981-10-27,5674424043
85551048275,Rupert Element,1971-03-17,
20948469055,Sheela Blundell,1985-05-21,
88577801004,Gerik Mote,1976-03-14,8205959669
12668548777,Fidela Evers,1978-10-04,
26025498704,Fidelity Oakly,2002-02-15,
31498472057,Ashia Dionisetto,2000-08-30,
49599924910,Lavina Ehlerding,1996-10-08,
88209044005,Lilly Fontell,1974-04-13,
97414959606,Iosep Beazley,1987-08-11,
20975365575,Raina Bosward,1974-03-02,
54664633429,Barnabas Thrift,1989-02-01,
71478789664,Molli Hutt,1975-09-11,
52534960959,Washington Siveyer,2001-08-15,
25228716691,Halley Speechley,1972-05-27,
15856339685,Tamarah Croydon,1988-05-20,6061451433
68156664313,Myrna Danahar,1981-02-21,1151605470
64626720666,Ciro Fateley,1995-11-04,3764021810
36615940364,Zackariah Drewery,1983-05-26,3098434145
38125161523,Caryl Mullally,1992-03-22,
27668412937,Adriane McLagain,1972-02-03,
14239094817,Philly Hardwick,1989-11-13,9157670913
99209774646,Anjela Froud,1985-11-29,
91335590820,Tania Raven,1988-03-19,
60068595966,Emily Burges,1993-01-23,
38636802851,Cecil Schooling,1990-01-18,
84527235947,Rebeka Symms,2003-05-23,
54970648246,Willey Faustian,1974-11-29,
21690728151,Hamlin Lawrenson,1985-04-20,
82907826728,Wynn Heinritz,2000-07-04,8111812367
48372654982,Lamar Bowld,1973-10-16,
83286871139,Garland Downage,1973-03-20,2168997476
37778064670,Wynny Gilliatt,2000-08-20,
80703273663,Tallulah Danzey,1974-12-16,
17367084952,Ceciley Polini,2002-08-02,
34558371599,Rutledge Jaques,1974-08-05,
78485896311,Damiano Dog,1992-02-14,
91208072072,Jimmy Lemon,1995-03-28,
25291295804,Lonny Iacomini,1977-01-17,
78855284619,Nickola Spinage,1974-08-05,
68558833365,Kamila Rye,2001-01-10,
46033380133,Sanders Guillart,1994-10-22,
12549655268,Midge Lampel,1980-11-30,
78552203282,Nell Danielou,1974-09-14,
95028672700,Courtney Metts,1980-09-12,
42078076561,Jarvis Rosenstiel,1992-08-05,3469589702
94571237011,Jo Biernacki,1997-08-12,
18247385773,Darla Inman,1993-03-09,
77684825387,Ody Enston,1991-09-29,
35037490122,Stevie Credland,1996-06-24,
45295164924,Erda Smallbone,1987-06-19,
84428226521,Vanda Loutheane,1984-09-25,
55878775477,Melisse McCraine,1983-01-19,
57256302708,Waiter Graundisson,1974-01-23,
23371388350,Travis Bleakman,1997-12-26,
16572259848,Delila Raynard,1983-07-11,
51330101421,Elvin Sidnell,1979-10-31,
80928759440,Danell Veasey,1987-09-14,
57844618452,Cissy Tern,1987-02-26,
32604208567,Rea Klaff,1992-09-09,7918020407
44178398625,Margeaux D'Oyley,1990-04-25,
55996939946,Maggie Yegorshin,1984-09-20,
15232964508,Brinna Allsworth,1995-09-11,
47424466481,Harlin Rigge,1993-04-16,
84005437357,Anita McCarroll,1993-10-20,
20106791242,Dukie Frowing,1993-07-02,
75514958564,Gannon McGuane,1974-10-28,
75559032706,Hughie Luckcock,1975-04-15,
81184908870,Vaclav McQuorkel,1972-10-12,
79385861827,Wilma Faull,2002-09-23,
73897137800,Brenda Summerlee,1989-04-27,3225516370
92653373651,Rivalee Royste,1992-12-12,
48776802490,Dorry Langlais,1976-03-12,
34090217684,Kandace Goldney,1972-10-12,
92253106196,Brion Simonini,1998-02-04,
37879151570,Lynna Leggs,1993-05-26,
15700118243,Leanna Pluck,1996-12-10,
39982586390,Sheff Hughson,1979-10-09,
28505465259,Denny Tichelaar,1991-03-06,
38809421710,Tonia Tatton,1976-07-27,7217644459
44677788679,Sydel Sommer,1990-07-14,
89104606780,Nydia MacEllen,1983-01-16,
50222789959,Fredi Deval,1978-12-11,
12260456626,Goldie Shapcote,1985-02-06,4903276504
17456950840,Guillaume Gemmell,1986-07-31,
32962793408,Vania Meeke,1992-05-23,
95601468388,Gregor Rubertis,1999-05-21,
87025337651,Dallon Strotone,1990-06-26,
51499488720,Roxy Danev,1990-03-27,
73267531341,Kaitlin Phelps,1983-04-05,7296658360
81836169822,Land Moncarr,1973-10-21,
58962892266,Shem Hepher,1982-06-22,
73634239639,Elysia Woodhead,1987-05-21,
34588562262,Preston Ricson,1972-07-27,
45233229317,Margarita O'Tuohy,1975-09-29,
16895668395,Paolo Richard,1980-02-27,
49457212171,Kizzie Duddell,1985-05-11,
55919170290,Nevsa Lemin,1983-10-26,
85071165132,Yehudit Musselwhite,2001-10-29,
51696846784,Dulcy Hellens,2001-10-23,
75065548218,Rudy Flippen,1995-06-14,8261244295
71387189623,Durward Binnie,1972-03-31,8031417006
68215429626,Zenia Catonne,1983-04-09,
21855573823,Nessy Stodhart,1971-03-09,
79999922745,Loleta Toffoletto,1986-02-18,7952400315
32824336584,Angelica Ewens,1983-03-18,
97847315975,Cesaro Stranaghan,1979-06-13,
50559972399,Greer Bruhn,1990-07-24,
95755390808,Duky Measures,1993-08-31,
30509047565,Onida Holtaway,1991-12-30,
38065728621,Othelia Petrak,2000-02-05,
94740349959,Quintina Tather,1993-05-26,
35452863273,Filia Kellogg,1978-10-22,
24689097536,Alameda Petzolt,1976-04-17,
74995557704,Linette Butterworth,1998-10-17,5033220093
46391483276,Bren Skeggs,1986-07-25,
81254221732,Josselyn Colman,2003-12-10,
81482376165,Diahann Brawn,1973-04-16,
19728912898,Domeniga Smallcombe,1979-05-22,8176510775
11391794846,Emilie Morphet,1977-04-22,
85183893003,Fanni Poolton,1985-01-22,
99731575714,Avram Gionettitti,1984-03-23,
36449709409,Milena Tweede,1997-05-14,
85759479968,Diane Pittet,1997-08-27,8318136630
63371470463,Yetty Plunkett,1990-03-15,
93170118130,Filia Velti,2001-02-08,
57296253493,Wylie Deery,1997-08-02,
98848596181,Dewey Keslake,2000-09-30,
15584688799,Miquela Adamek,1991-01-28,
27649051177,Joellyn Waymont,1972-03-12,
39839596601,Conrado MacSorley,2001-09-12,
83401010672,Collette McPhaden,2003-06-19,
52580579342,Cornall Scurfield,1992-12-27,
93259911743,Alex Scholard,1973-07-11,
63843077478,Randall Pettican,1972-04-12,
69722501182,Sinclare Troyes,1987-07-09,
94922909791,Clemmy Esseby,1999-12-22,
43296797585,Tedmund Beardsell,1986-07-14,
38496681240,Martita Rizzardi,1996-10-15,
64719661847,Karlene Cuckoo,1976-11-14,
30506980878,Steffen Honsch,1990-06-20,4627568571
63865278711,Hermione Minchella,1970-02-03,
93333928836,Ninetta Weir,1990-06-27,
64786279760,Sabra Saffin,1981-09-20,1594013769
53488266913,Jamill Keat,1970-09-12,
39790703593,Rosina Suarez,1972-06-04,
36345297097,Evvie Massey,1971-01-04,
48125996462,Jedediah McNutt,1977-02-23,5765781738
21383693036,Donnie Pund,1982-03-14,
81330131424,Flossi Brimfield,2002-12-20,
38322592689,Karlen Posnett,1970-08-03,
96665322858,Cate Ahern,1992-10-15,
94941979430,Lily Custy,1973-03-11,
24201125814,Coralie Pilger,1981-02-07,
38688716422,Adelina Milkin,1976-09-24,
22605945009,Nefen Yokelman,1988-07-10,
72517229541,Calv Ryott,1985-02-27,1059738865
78320111469,Agathe Parrington,1985-01-09,4655610907
49517075378,Dolley Brafferton,1992-06-16,
17500039119,Sheri Beavan,1977-11-02,
61443117401,Carin Grimoldby,1982-07-26,
39664408009,Fleurette Crosskell,1994-08-21,
63005085735,Vernice Wyke,1999-03-10,
79296767210,Domini Gazzard,1976-05-12,
78256444981,Lesli Birtles,1972-05-22,7823002049
68255160028,Chastity Bourner,1987-07-24,
96979503131,Maximo Tilley,1990-11-18,7478752558
74917115411,Darryl Saenz,1983-10-07,
24964984872,Chanda Kinson,1999-11-21,4629810820
32265878260,Myrtice Carryer,1984-01-30,
47044106346,Roarke Friar,1984-01-02,
85067033676,Melanie Pulley,1982-12-09,9407783949
26585441413,Austin Raecroft,1977-12-12,4304921115
79948127308,Gusti Castillou,1993-08-14,
44601851619,Granger Sculley,1981-08-15,
87059453369,Biron Gollop,1991-12-13,
34428342450,Marianna Inde,1984-09-04,
21351346132,Issy Petche,1982-05-03,
78011729376,Merrile Towndrow,1978-10-17,
64041571407,Iorgos Clayden,1979-08-13,
46143579843,Ferrel Gallacher,1993-12-07,
32015689581,Desmond Ogg,1982-03-20,4776443302
78338250062,Ryann Iiannone,1974-11-19,
65789932342,Drucill Cumine,1997-01-22,
21133734065,Raynard Creak,1973-06-16,
30810457072,Jarrid Muxworthy,1972-06-03,
12224443611,Liz O'Neill,1985-03-13,
27089557064,Moises Greeno,2001-02-26,
88376722125,Lynett Leeming,1990-12-09,
84647555994,Leroy Rawes,1970-11-27,
84869794402,Lillis Cockaday,1992-12-22,
21878680844,Karia Ferreri,1988-03-31,
45231236960,Susanetta Grendon,2003-12-01,
67389631435,Olly Rubi,1989-03-23,
98247852953,Sherry Woodison,1991-04-07,3694378436
73956882578,Thoma Issacson,1980-12-15,
39394869802,Randy Wilton,1984-12-08,
63929111636,Martin Handasyde,1982-01-18,
48183562111,Tucker Lisciandri,1980-07-02,
44665225244,Carlen Batterton,1990-03-10,
45962076409,Chrissie McRuvie,1989-12-16,
70645759238,Hewie Vickerstaff,1978-09-09,
97998475570,Angel Grasha,1972-04-12,
46513171032,Clement Ferrino,1994-04-21,9529131424
59612242667,Web Blest,1970-12-24,
85316273337,Arnaldo Chace,1982-11-06,
99319342980,Kandy Gebbie,1976-07-03,
93142468790,Ebony Jarrett,1981-10-22,
21794619811,Janie Wooland,1978-10-17,1816115294
68186588052,Joye Markova,1994-11-14,
69934122646,Gratiana Walmsley,1979-02-24,
88453826790,Shannah Schistl,1971-06-06,6987278746
47873767428,Shamus Powis,1984-04-14,
39976382743,Josselyn Faithfull,1983-08-23,6829505620
71160586918,Lacey Kubicki,1974-03-13,
90057012554,Dee dee Dincey,1990-03-13,5053086259
41204425558,Barnard Dallender,1981-02-20,
84588451189,Gaultiero Maunder,1979-06-07,
99085629346,Meridith Bossons,1993-06-13,2198825268
86526720629,Brucie Shildrake,1976-11-25,
15233821115,Jazmin Moscon,1992-11-14,
60923979146,Kippie Tomashov,1997-08-29,9627687807
22080255518,Keri Woolfitt,1994-07-14,
84042221055,Maurise Card,1984-12-03,
84998818994,Dorree Roma,1992-12-29,
50147185157,Carmelina Crossfield,1972-02-14,9853133186
39478514172,Pearline Probert,1971-12-10,
59665206583,Alwin Pinar,1979-11-26,
18950131218,Tiffani Stratton,1997-04-27,
36078052055,Margette Delgadillo,2001-07-21,7013443237
95004193790,Car Kingzeth,1996-07-27,
29198860142,Caty Crutchley,1983-02-02,
39980316529,Lorena Shillabeer,1997-04-25,
63702112732,Ruddie Stansell,1990-06-07,
21393080272,Mahalia Scoular,1988-07-17,5925985079
98637059235,Darrel Fabbri,1970-06-02,
44066648782,Cherish Domleo,1970-06-24,
84203389615,Demetri Smoote,1983-09-21,
97866042736,Isac Bartod,1971-02-08,
90477124251,Elnora Kleszinski,1992-10-19,3217950906
27843773644,Fax Kettley,1985-06-03,7089911256
37434223548,Frasco Lyford,1999-11-17,5154795062
27287953580,Sondra Luther,1994-02-28,
57508400354,Alick Riepel,1989-06-25,
57543298773,Laurent Walcot,2000-09-07,
30279836449,Christoforo Bletcher,1994-09-17,
58661365228,Keen Galler,1974-03-24,
43610346156,Dennison Fowlie,2002-08-20,
15681655428,Deane Lidyard,1992-02-10,
22555904786,Suzy Cordeux,1996-05-24,
70398478497,Clare Scarsbrook,1986-06-01,
96467335588,Bibbye Frary,1970-11-11,
35749031495,Nev Tootell,1984-09-09,
66470722513,Anette Seville,1985-07-01,2679107399
28315512170,Enos Yepiskopov,1984-01-13,9834706636
22099981620,Bea Danilenko,1979-09-26,
46032803523,Jillian Metterick,1998-10-15,7914362929
73727426985,Chalmers Norcutt,1980-08-16,
70967758391,Timmy Reeve,1987-01-08,
74440679575,Jayme Vial,1995-01-23,
87357525644,Syman Pischoff,1980-07-16,
53971437386,Roderic Swynley,1976-08-12,
23011835603,Robbyn Dislee,1977-03-22,
60856380939,Shannen McPhaden,1970-10-03,
25139414516,Torre Baxstar,1988-04-21,6579577266
29842685839,Odilia Bathersby,1980-07-23,
27815074194,Nathaniel Ecles,1996-09-01,
30747237737,Drud Sefton,1976-10-03,
69107862790,Royal Glen,1970-11-24,
35271210251,Corie Bellew,1984-05-29,5315776188
19115375049,Heriberto Tumility,2002-07-24,
95117804882,Sibilla Hosten,1996-08-23,
39267013217,Yuma Kissick,1995-02-26,
95266378146,Lyn Mungane,2001-07-07,4294306061
61761301790,Luis Mustoe,1976-10-23,
54143368136,Ethe Pantling,1993-11-27,
80508947309,Rachelle Cantor,1980-10-19,
95773165996,Drucy Pindar,2001-06-20,
72907821519,Verile Vedeshkin,1990-12-26,9611119764
54711887677,Kelwin Bostick,1981-07-21,
62364642350,Lezlie Mateo,2003-05-09,
95758645242,Agnella Ballach,1995-06-23,
93994307894,Harlan Cocklin,2002-01-21,
38892537246,Elias O'Cridigan,1996-01-02,
44794875888,Donny Dohrmann,1975-02-03,
75555594603,Kristofer Goodbody,1993-02-19,
65518810261,Clemmy Ambrois,1980-08-18,
57584411750,Marius Brattell,1977-06-22,
61263654912,Theodore Gallymore,1999-01-23,
79031355196,Amabelle Stuehmeier,1975-07-04,
63825510446,Fleurette Bothwell,1973-03-29,
67514821977,Ruthy Holleran,1977-08-19,
36754654594,Adriane Delouch,1970-04-17,
26968736262,Conway McLanachan,1975-09-18,
45303621741,Ulick Van T'Hoog,1980-06-28,
42935344603,Zacharias Shepherd,1990-07-16,
91323606358,Sigismund Akrigg,1995-04-29,3975676329
82229821379,Joli Althorpe,1972-08-20,
75694013816,Donnell O'Grady,1974-04-01,3937958136
38785956228,Agosto Couldwell,1996-03-06,
43005763254,Winifield Forsaith,1999-08-17,
25334102767,Krishna Packham,1978-12-21,4207810932
95344657566,Myrtie Duiguid,1995-11-05,
65344072843,Nikolos Pead,1971-12-28,
81858896718,Osborne Scown,1981-12-09,
27136484818,Christy Stansfield,1998-01-25,6901668540
62471689772,Trumann Lynds,1985-08-11,
48861940311,Ferrel Astbery,1983-01-05,
28061526642,Natalina Schooling,1989-02-25,
16751433000,Adham Geator,1970-10-09,
68336599834,Graham Kochs,1977-04-27,6587310084
38891188407,Mathilda Bolzmann,1975-03-19,
